name,photo,description,calories,price,ip_address
Juice - Orange 1.89l,http://dummyimage.com/185x100.png/dddddd/000000,"Curabitur gravida nisi at nibh. In hac habitasse platea dictumst. Aliquam augue quam, sollicitudin vitae, consectetuer eget, rutrum at, lorem.",953,1979,253.102.245.11
"Nut - Almond, Blanched, Whole",http://dummyimage.com/102x100.png/dddddd/000000,"Morbi porttitor lorem id ligula. Suspendisse ornare consequat lectus. In est risus, auctor sed, tristique in, tempus sit amet, sem.",188,1289,37.229.117.103
"Fish - Atlantic Salmon, Cold",http://dummyimage.com/182x100.png/dddddd/000000,"Morbi non lectus. Aliquam sit amet diam in magna bibendum imperdiet. Nullam orci pede, venenatis non, sodales sed, tincidunt eu, felis.",662,1506,13.7.45.35
Cumin - Whole,http://dummyimage.com/136x100.png/5fa2dd/ffffff,"Maecenas tristique, est et tempus semper, est quam pharetra magna, ac consequat metus sapien ut nunc. Vestibulum ante ipsum primis in faucibus orci luctus et ultrices posuere cubilia Curae; Mauris viverra diam vitae quam. Suspendisse potenti.",745,1634,207.148.250.241
Tea - Jasmin Green,http://dummyimage.com/159x100.png/ff4444/ffffff,"Quisque id justo sit amet sapien dignissim vestibulum. Vestibulum ante ipsum primis in faucibus orci luctus et ultrices posuere cubilia Curae; Nulla dapibus dolor vel est. Donec odio justo, sollicitudin ut, suscipit a, feugiat et, eros.",355,1538,88.249.126.189
Breadfruit,http://dummyimage.com/179x100.png/ff4444/ffffff,"Nam ultrices, libero non mattis pulvinar, nulla pede ullamcorper augue, a suscipit nulla elit ac nulla. Sed vel enim sit amet nunc viverra dapibus. Nulla suscipit ligula in lacus.",807,1762,159.11.20.89
Bread - Pumpernickel,http://dummyimage.com/208x100.png/5fa2dd/ffffff,"Morbi porttitor lorem id ligula. Suspendisse ornare consequat lectus. In est risus, auctor sed, tristique in, tempus sit amet, sem.",600,1029,7.254.214.255
Tea - Herbal Sweet Dreams,http://dummyimage.com/168x100.png/ff4444/ffffff,"Cum sociis natoque penatibus et magnis dis parturient montes, nascetur ridiculus mus. Vivamus vestibulum sagittis sapien. Cum sociis natoque penatibus et magnis dis parturient montes, nascetur ridiculus mus.",302,1980,90.127.145.174
Pur Value,http://dummyimage.com/160x100.png/dddddd/000000,In hac habitasse platea dictumst. Etiam faucibus cursus urna. Ut tellus.,901,1021,234.7.12.96
Knife Plastic - White,http://dummyimage.com/221x100.png/cc0000/ffffff,Duis consequat dui nec nisi volutpat eleifend. Donec ut dolor. Morbi vel lectus in quam fringilla rhoncus.,198,1954,202.96.13.144
Beef - Top Butt,http://dummyimage.com/179x100.png/dddddd/000000,Aliquam quis turpis eget elit sodales scelerisque. Mauris sit amet eros. Suspendisse accumsan tortor quis turpis.,927,1199,178.15.226.240
"Doilies - 12, Paper",http://dummyimage.com/184x100.png/ff4444/ffffff,Integer tincidunt ante vel ipsum. Praesent blandit lacinia erat. Vestibulum sed magna at nunc commodo placerat.,259,1504,95.197.192.153
Muffin - Carrot Individual Wrap,http://dummyimage.com/244x100.png/ff4444/ffffff,"Quisque id justo sit amet sapien dignissim vestibulum. Vestibulum ante ipsum primis in faucibus orci luctus et ultrices posuere cubilia Curae; Nulla dapibus dolor vel est. Donec odio justo, sollicitudin ut, suscipit a, feugiat et, eros.",266,1676,79.99.194.53
Frangelico,http://dummyimage.com/170x100.png/5fa2dd/ffffff,"Cum sociis natoque penatibus et magnis dis parturient montes, nascetur ridiculus mus. Vivamus vestibulum sagittis sapien. Cum sociis natoque penatibus et magnis dis parturient montes, nascetur ridiculus mus.",631,1475,75.143.93.241
Beef - Kobe Striploin,http://dummyimage.com/159x100.png/5fa2dd/ffffff,Cras non velit nec nisi vulputate nonummy. Maecenas tincidunt lacus at velit. Vivamus vel nulla eget eros elementum pellentesque.,570,1462,47.101.142.53
Extract - Rum,http://dummyimage.com/124x100.png/cc0000/ffffff,Phasellus in felis. Donec semper sapien a libero. Nam dui.,605,1911,217.17.231.20
Carbonated Water - Wildberry,http://dummyimage.com/214x100.png/5fa2dd/ffffff,Fusce consequat. Nulla nisl. Nunc nisl.,805,1446,41.197.20.173
"Wine - White, Riesling, Semi - Dry",http://dummyimage.com/238x100.png/cc0000/ffffff,In quis justo. Maecenas rhoncus aliquam lacus. Morbi quis tortor id nulla ultrices aliquet.,288,1125,2.235.19.50
Sugar - Individual Portions,http://dummyimage.com/100x100.png/cc0000/ffffff,"Morbi non lectus. Aliquam sit amet diam in magna bibendum imperdiet. Nullam orci pede, venenatis non, sodales sed, tincidunt eu, felis.",611,1096,50.188.238.124
"Oil - Food, Lacquer Spray",http://dummyimage.com/176x100.png/ff4444/ffffff,Nullam sit amet turpis elementum ligula vehicula consequat. Morbi a ipsum. Integer a nibh.,948,1645,206.97.198.240
"Cherries - Bing, Canned",http://dummyimage.com/223x100.png/ff4444/ffffff,"Proin interdum mauris non ligula pellentesque ultrices. Phasellus id sapien in sapien iaculis congue. Vivamus metus arcu, adipiscing molestie, hendrerit at, vulputate vitae, nisl.",529,1513,11.194.48.159
Silicone Parch. 16.3x24.3,http://dummyimage.com/232x100.png/5fa2dd/ffffff,"Curabitur in libero ut massa volutpat convallis. Morbi odio odio, elementum eu, interdum eu, tincidunt in, leo. Maecenas pulvinar lobortis est.",105,1537,171.231.113.51
Waffle Stix,http://dummyimage.com/242x100.png/dddddd/000000,"Lorem ipsum dolor sit amet, consectetuer adipiscing elit. Proin risus. Praesent lectus.",165,1579,147.50.109.21
Pie Shells 10,http://dummyimage.com/214x100.png/cc0000/ffffff,Integer ac leo. Pellentesque ultrices mattis odio. Donec vitae nisi.,302,1354,194.223.3.154
"Veal - Brisket, Provimi,bnls",http://dummyimage.com/114x100.png/dddddd/000000,Integer tincidunt ante vel ipsum. Praesent blandit lacinia erat. Vestibulum sed magna at nunc commodo placerat.,911,1524,241.132.180.4
Bread - Triangle White,http://dummyimage.com/113x100.png/dddddd/000000,"Curabitur gravida nisi at nibh. In hac habitasse platea dictumst. Aliquam augue quam, sollicitudin vitae, consectetuer eget, rutrum at, lorem.",543,1055,40.121.152.89
Wine - Fontanafredda Barolo,http://dummyimage.com/173x100.png/cc0000/ffffff,"Vestibulum quam sapien, varius ut, blandit non, interdum in, ante. Vestibulum ante ipsum primis in faucibus orci luctus et ultrices posuere cubilia Curae; Duis faucibus accumsan odio. Curabitur convallis.",647,1008,38.235.193.85
Crab - Meat Combo,http://dummyimage.com/205x100.png/ff4444/ffffff,"Mauris enim leo, rhoncus sed, vestibulum sit amet, cursus id, turpis. Integer aliquet, massa id lobortis convallis, tortor risus dapibus augue, vel accumsan tellus nisi eu orci. Mauris lacinia sapien quis libero.",467,1372,84.211.246.213
Crackers - Melba Toast,http://dummyimage.com/205x100.png/cc0000/ffffff,"Cras mi pede, malesuada in, imperdiet et, commodo vulputate, justo. In blandit ultrices enim. Lorem ipsum dolor sit amet, consectetuer adipiscing elit.",439,1728,84.126.23.24
Tuna - Sushi Grade,http://dummyimage.com/187x100.png/dddddd/000000,"Curabitur at ipsum ac tellus semper interdum. Mauris ullamcorper purus sit amet nulla. Quisque arcu libero, rutrum ac, lobortis vel, dapibus at, diam.",856,1438,232.217.136.66
Wine - Puligny Montrachet A.,http://dummyimage.com/155x100.png/dddddd/000000,"Fusce posuere felis sed lacus. Morbi sem mauris, laoreet ut, rhoncus aliquet, pulvinar sed, nisl. Nunc rhoncus dui vel sem.",349,1567,39.57.198.25
Cheese - Grana Padano,http://dummyimage.com/188x100.png/ff4444/ffffff,Integer tincidunt ante vel ipsum. Praesent blandit lacinia erat. Vestibulum sed magna at nunc commodo placerat.,597,1602,16.54.94.203
Veal - Nuckle,http://dummyimage.com/240x100.png/cc0000/ffffff,In congue. Etiam justo. Etiam pretium iaculis justo.,479,1274,113.15.209.54
Calaloo,http://dummyimage.com/207x100.png/5fa2dd/ffffff,"Quisque porta volutpat erat. Quisque erat eros, viverra eget, congue eget, semper rutrum, nulla. Nunc purus.",956,1878,124.32.14.204
Red Currants,http://dummyimage.com/103x100.png/cc0000/ffffff,"Proin interdum mauris non ligula pellentesque ultrices. Phasellus id sapien in sapien iaculis congue. Vivamus metus arcu, adipiscing molestie, hendrerit at, vulputate vitae, nisl.",158,1888,105.105.61.152
Energy Drink Red Bull,http://dummyimage.com/101x100.png/5fa2dd/ffffff,"Curabitur in libero ut massa volutpat convallis. Morbi odio odio, elementum eu, interdum eu, tincidunt in, leo. Maecenas pulvinar lobortis est.",328,1048,14.28.169.97
Strawberries - California,http://dummyimage.com/113x100.png/cc0000/ffffff,In quis justo. Maecenas rhoncus aliquam lacus. Morbi quis tortor id nulla ultrices aliquet.,268,1947,190.49.110.118
Sauce - Sesame Thai Dressing,http://dummyimage.com/222x100.png/5fa2dd/ffffff,"Cum sociis natoque penatibus et magnis dis parturient montes, nascetur ridiculus mus. Vivamus vestibulum sagittis sapien. Cum sociis natoque penatibus et magnis dis parturient montes, nascetur ridiculus mus.",425,1238,167.87.173.136
"Oil - Truffle, Black",http://dummyimage.com/216x100.png/ff4444/ffffff,Maecenas ut massa quis augue luctus tincidunt. Nulla mollis molestie lorem. Quisque ut erat.,159,1962,254.74.25.193
Baking Soda,http://dummyimage.com/249x100.png/ff4444/ffffff,In quis justo. Maecenas rhoncus aliquam lacus. Morbi quis tortor id nulla ultrices aliquet.,574,1353,118.80.239.81
Canadian Emmenthal,http://dummyimage.com/175x100.png/5fa2dd/ffffff,"Maecenas leo odio, condimentum id, luctus nec, molestie sed, justo. Pellentesque viverra pede ac diam. Cras pellentesque volutpat dui.",254,1471,10.229.83.126
"Bread - Bagels, Plain",http://dummyimage.com/238x100.png/dddddd/000000,"Proin interdum mauris non ligula pellentesque ultrices. Phasellus id sapien in sapien iaculis congue. Vivamus metus arcu, adipiscing molestie, hendrerit at, vulputate vitae, nisl.",403,1260,175.49.248.57
Turkey Tenderloin Frozen,http://dummyimage.com/116x100.png/ff4444/ffffff,"Donec diam neque, vestibulum eget, vulputate ut, ultrices vel, augue. Vestibulum ante ipsum primis in faucibus orci luctus et ultrices posuere cubilia Curae; Donec pharetra, magna vestibulum aliquet ultrices, erat tortor sollicitudin mi, sit amet lobortis sapien sapien non mi. Integer ac neque.",805,1546,246.128.240.2
Wine - Beaujolais Villages,http://dummyimage.com/175x100.png/ff4444/ffffff,"Donec diam neque, vestibulum eget, vulputate ut, ultrices vel, augue. Vestibulum ante ipsum primis in faucibus orci luctus et ultrices posuere cubilia Curae; Donec pharetra, magna vestibulum aliquet ultrices, erat tortor sollicitudin mi, sit amet lobortis sapien sapien non mi. Integer ac neque.",136,1218,214.36.33.124
Longos - Grilled Salmon With Bbq,http://dummyimage.com/212x100.png/cc0000/ffffff,Integer tincidunt ante vel ipsum. Praesent blandit lacinia erat. Vestibulum sed magna at nunc commodo placerat.,206,1886,92.22.191.234
Onions - Red Pearl,http://dummyimage.com/149x100.png/dddddd/000000,In hac habitasse platea dictumst. Etiam faucibus cursus urna. Ut tellus.,224,1591,37.166.182.203
Bread - French Baquette,http://dummyimage.com/207x100.png/cc0000/ffffff,"Morbi porttitor lorem id ligula. Suspendisse ornare consequat lectus. In est risus, auctor sed, tristique in, tempus sit amet, sem.",132,1718,23.44.210.102
Galliano,http://dummyimage.com/133x100.png/5fa2dd/ffffff,Phasellus in felis. Donec semper sapien a libero. Nam dui.,577,1396,5.84.210.141
Fuji Apples,http://dummyimage.com/147x100.png/dddddd/000000,Aenean lectus. Pellentesque eget nunc. Donec quis orci eget orci vehicula condimentum.,906,1209,67.137.217.105
Curry Powder,http://dummyimage.com/212x100.png/ff4444/ffffff,"Nam ultrices, libero non mattis pulvinar, nulla pede ullamcorper augue, a suscipit nulla elit ac nulla. Sed vel enim sit amet nunc viverra dapibus. Nulla suscipit ligula in lacus.",881,1340,150.155.223.197
